Workbook

Sheet Team
A1: Team Split - 6 members (one owner per area, everyone reviews)
A2: How to use: type each member's name in the yellow Name cells (column B). Names then fill in automatically on the Deliverables tab.
A4: Member | B4: Name | C4: Area / Role | D4: n8n Workflows | E4: Files & Deliverables | F4: Other Responsibilities | G4: Items Owned | H4: Done
A5: M1 | C5: Team Lead / Platform & Security | D5: CF-00 (error handler) CF-01 | E5: docs/ACCESS_CONTROL.md | F5: Owns the n8n workspace and all credentials Deployment hardening Team lead | G5: =COUNTIF(Deliverables!$E:$E,A5) -> 5 | H5: =COUNTIFS(Deliverables!$E:$E,A5,Deliverables!$G:$G,"Done") -> 0
A6: M2 | C6: Data & RAG | D6: CF-02 | E6: database/01_schema.sql database/02_seed.sql database/03_eval_seed.sql knowledge_base/ (handbook, RAG source) | F6: Supabase setup Retrieval tuning | G6: =COUNTIF(Deliverables!$E:$E,A6) -> 7 | H6: =COUNTIFS(Deliverables!$E:$E,A6,Deliverables!$G:$G,"Done") -> 0
A7: M3 | C7: Screening Engine & Fairness | D7: CF-03 (screening sub-workflow) | E7: docs/BIAS_WRITEUP.md Scoring rubric | F7: - | G7: =COUNTIF(Deliverables!$E:$E,A7) -> 3 | H7: =COUNTIFS(Deliverables!$E:$E,A7,Deliverables!$G:$G,"Done") -> 0
A8: M4 | C8: Conversational Agents & Scheduling | D8: CF-04 (scheduling sub-workflow) CF-05 (Careers + Policy assistants) | E8: - | F8: - | G8: =COUNTIF(Deliverables!$E:$E,A8) -> 2 | H8: =COUNTIFS(Deliverables!$E:$E,A8,Deliverables!$G:$G,"Done") -> 0
A9: M5 | C9: HR Copilot & Dashboard | D9: CF-06 (HR Copilot) CF-07 (dashboard) | E9: portal/index.html (role-based UI: candidate / employee / HR) | F9: - | G9: =COUNTIF(Deliverables!$E:$E,A9) -> 3 | H9: =COUNTIFS(Deliverables!$E:$E,A9,Deliverables!$G:$G,"Done") -> 0
A10: M6 | C10: QA & Evaluation | D10: CF-08 (success metrics) | E10: test_data/ (test resumes) | F10: Manual-baseline timing study Demo script Final report | G10: =COUNTIF(Deliverables!$E:$E,A10) -> 5 | H10: =COUNTIFS(Deliverables!$E:$E,A10,Deliverables!$G:$G,"Done") -> 0
A12: How the pieces talk
A13: Portal -> n8n webhooks (CF-01/05/06/07) -> Postgres functions (cf_*) + Gemini + pgvector. CF-03 (screening) and CF-04 (scheduling) are sub-workflows that the APIs and AI agents call. CF-00 catches every failure. CF-08 proves the success metrics.
A15: Source: project README - Step 0.1 team split and file map (provided by the team lead).

Sheet Deliverables
A1: Deliverables Tracker - every file and task with its owner
A2: Owner Name fills in automatically from the Team tab. Use the Status dropdown (yellow) and type a Reviewer for each item.
A4: # | B4: Item | C4: Type | D4: What it is | E4: Owner | F4: Owner Name | G4: Status | H4: Reviewer
A5: 1 | B5: CF-00 | C5: n8n workflow | D5: Error handler - catches every failure | E5: M1 | F5: =IFERROR(IF(INDEX(Team!$B$5:$B$10,MATCH(E5,Team!$A$5:$A$10,0))="","(add name in Team tab)",INDEX(Team!$B$5:$B$10,MATCH(E5,Team!$A$5:$A$10,0))),"") -> (add name in Team tab) | G5: Not started
A6: 2 | B6: CF-01 | C6: n8n workflow | D6: Portal webhook API | E6: M1 | F6: =IFERROR(IF(INDEX(Team!$B$5:$B$10,MATCH(E6,Team!$A$5:$A$10,0))="","(add name in Team tab)",INDEX(Team!$B$5:$B$10,MATCH(E6,Team!$A$5:$A$10,0))),"") -> (add name in Team tab) | G6: Not started
A7: 3 | B7: CF-02 | C7: n8n workflow | D7: Data & RAG workflow | E7: M2 | F7: =IFERROR(IF(INDEX(Team!$B$5:$B$10,MATCH(E7,Team!$A$5:$A$10,0))="","(add name in Team tab)",INDEX(Team!$B$5:$B$10,MATCH(E7,Team!$A$5:$A$10,0))),"") -> (add name in Team tab) | G7: Not started
A8: 4 | B8: CF-03 | C8: n8n workflow | D8: Screening sub-workflow (called by APIs & AI agents) | E8: M3 | F8: =IFERROR(IF(INDEX(Team!$B$5:$B$10,MATCH(E8,Team!$A$5:$A$10,0))="","(add name in Team tab)",INDEX(Team!$B$5:$B$10,MATCH(E8,Team!$A$5:$A$10,0))),"") -> (add name in Team tab) | G8: Not started
A9: 5 | B9: CF-04 | C9: n8n workflow | D9: Scheduling sub-workflow (called by APIs & AI agents) | E9: M4 | F9: =IFERROR(IF(INDEX(Team!$B$5:$B$10,MATCH(E9,Team!$A$5:$A$10,0))="","(add name in Team tab)",INDEX(Team!$B$5:$B$10,MATCH(E9,Team!$A$5:$A$10,0))),"") -> (add name in Team tab) | G9: Not started
A10: 6 | B10: CF-05 | C10: n8n workflow | D10: Careers + Policy assistants (portal webhook) | E10: M4 | F10: =IFERROR(IF(INDEX(Team!$B$5:$B$10,MATCH(E10,Team!$A$5:$A$10,0))="","(add name in Team tab)",INDEX(Team!$B$5:$B$10,MATCH(E10,Team!$A$5:$A$10,0))),"") -> (add name in Team tab) | G10: Not started
A11: 7 | B11: CF-06 | C11: n8n workflow | D11: HR Copilot (portal webhook) | E11: M5 | F11: =IFERROR(IF(INDEX(Team!$B$5:$B$10,MATCH(E11,Team!$A$5:$A$10,0))="","(add name in Team tab)",INDEX(Team!$B$5:$B$10,MATCH(E11,Team!$A$5:$A$10,0))),"") -> (add name in Team tab) | G11: Not started
A12: 8 | B12: CF-07 | C12: n8n workflow | D12: Dashboard (portal webhook) | E12: M5 | F12: =IFERROR(IF(INDEX(Team!$B$5:$B$10,MATCH(E12,Team!$A$5:$A$10,0))="","(add name in Team tab)",INDEX(Team!$B$5:$B$10,MATCH(E12,Team!$A$5:$A$10,0))),"") -> (add name in Team tab) | G12: Not started
A13: 9 | B13: CF-08 | C13: n8n workflow | D13: Evaluation - proves the success metrics | E13: M6 | F13: =IFERROR(IF(INDEX(Team!$B$5:$B$10,MATCH(E13,Team!$A$5:$A$10,0))="","(add name in Team tab)",INDEX(Team!$B$5:$B$10,MATCH(E13,Team!$A$5:$A$10,0))),"") -> (add name in Team tab) | G13: Not started
A14: 10 | B14: database/01_schema.sql | C14: SQL | D14: All tables, vector tables, business logic (cf_* functions), audit chain | E14: M2 | F14: =IFERROR(IF(INDEX(Team!$B$5:$B$10,MATCH(E14,Team!$A$5:$A$10,0))="","(add name in Team tab)",INDEX(Team!$B$5:$B$10,MATCH(E14,Team!$A$5:$A$10,0))),"") -> (add name in Team tab) | G14: Not started
A15: 11 | B15: database/02_seed.sql | C15: SQL | D15: Seed data | E15: M2 | F15: =IFERROR(IF(INDEX(Team!$B$5:$B$10,MATCH(E15,Team!$A$5:$A$10,0))="","(add name in Team tab)",INDEX(Team!$B$5:$B$10,MATCH(E15,Team!$A$5:$A$10,0))),"") -> (add name in Team tab) | G15: Not started
A16: 12 | B16: database/03_eval_seed.sql | C16: SQL | D16: Evaluation seed data | E16: M2 | F16: =IFERROR(IF(INDEX(Team!$B$5:$B$10,MATCH(E16,Team!$A$5:$A$10,0))="","(add name in Team tab)",INDEX(Team!$B$5:$B$10,MATCH(E16,Team!$A$5:$A$10,0))),"") -> (add name in Team tab) | G16: Not started
... A29: 25 | B29: Final report | C29: Task | D29: Project final report | E29: M6 | F29: =IFERROR(IF(INDEX(Team!$B$5:$B$10,MATCH(E29,Team!$A$5:$A$10,0))="","(add name in Team tab)",INDEX(Team!$B$5:$B$10,MATCH(E29,Team!$A$5:$A$10,0))),"") -> (add name in Team tab) | G29: Not started
